amfi_code,Tracking Error
120505,0.23196750960046322
120843,0.20642496841144056
100033,0.22869942052083106
119598,0.2838814541332667
148567,0.1896636779215801
